Datetime,PM2.5,PM10,NOx,CO
2017-01-01 12:00:00,197.4,383.96,29.27,0.78
2017-01-02 12:00:00,184.81,267.92,63.82,0.6
2017-01-03 12:00:00,276.88,378.92,56.38,1.06
2017-01-04 12:00:00,162.64,213.78,40.84,0.47
2017-01-05 12:00:00,190.33,295.89,49.22,0.78
2017-01-06 12:00:00,159.57,246.86,20.84,0.56
2017-01-07 12:00:00,116.69,127.5,22.88,0.78
2017-01-08 12:00:00,110.65,229.67,12.2,0.51
2017-01-09 12:00:00,198.67,343.72,52.85,1.16
2017-01-10 12:00:00,112.19,263.5,31.36,0.35
2017-01-11 12:00:00,145.49,313.33,38.1,0.72
2017-01-12 12:00:00,226.5,436.68,59.11,0.69
2017-01-13 12:00:00,232.09,523.24,44.86,0.63
2017-01-14 12:00:00,285.88,301.0,36.26,0.0
2017-01-15 12:00:00,213.97,357.62,20.15,0.8
2017-01-16 12:00:00,186.46,379.28,53.75,1.25
2017-01-17 12:00:00,227.35,248.81,51.14,0.59
2017-01-18 12:00:00,478.09,318.8,29.57,0.56
2017-01-19 12:00:00,349.37,282.27,22.77,0.58
2017-01-20 12:00:00,437.28,275.53,44.61,0.57
2017-01-21 12:00:00,555.9,256.25,20.32,0.0
2017-01-22 12:00:00,181.8,385.5,27.15,0.0
2017-01-23 12:00:00,435.97,379.76,26.36,0.67
2017-01-24 12:00:00,398.06,535.83,46.69,0.87
2017-01-25 12:00:00,189.98,282.89,33.18,0.17
2017-01-26 12:00:00,158.72,273.27,34.18,0.35
2017-01-27 12:00:00,97.48,73.42,29.69,0.2
2017-01-28 12:00:00,148.03,182.39,36.79,0.56
2017-01-29 12:00:00,108.87,146.39,25.49,0.38
2017-01-30 12:00:00,203.69,234.07,39.94,0.49
2017-01-31 12:00:00,174.2,216.61,70.98,0.56
2017-02-01 12:00:00,159.43,246.33,37.57,0.64
2017-02-02 12:00:00,181.65,380.61,62.61,0.64
2017-02-03 12:00:00,171.25,376.83,45.37,0.64
2017-02-04 12:00:00,167.9,239.96,20.11,0.56
2017-02-05 12:00:00,139.98,258.29,17.84,0.59
2017-02-06 12:00:00,224.32,536.14,35.67,0.77
2017-02-07 12:00:00,65.09,183.88,19.99,0.54
2017-02-08 12:00:00,137.14,390.97,37.27,0.64
2017-02-09 12:00:00,181.14,378.05,31.46,0.57
2017-02-10 12:00:00,235.31,300.03,34.29,0.52
2017-02-11 12:00:00,145.11,286.84,37.89,0.56
2017-02-12 12:00:00,171.45,293.14,53.58,0.63
2017-02-13 12:00:00,141.25,328.33,42.7,0.63
2017-02-14 12:00:00,139.8,416.78,41.08,0.72
2017-02-15 12:00:00,126.96,415.98,49.83,0.71
2017-02-16 12:00:00,339.23,405.03,48.16,0.58
2017-02-17 12:00:00,152.49,517.86,59.29,0.92
2017-02-18 12:00:00,124.81,426.25,47.34,0.6
2017-02-19 12:00:00,103.54,353.16,54.23,0.66
2017-02-20 12:00:00,92.99,390.42,51.96,0.65
2017-02-21 12:00:00,93.68,344.86,44.18,0.58
2017-02-22 12:00:00,114.39,447.84,53.88,0.59
2017-02-23 12:00:00,121.18,158.0,16.34,0.0
2017-02-24 12:00:00,537.72,146.5,12.07,0.0
2017-02-25 12:00:00,555.2,120.25,13.34,0.0
2017-02-26 12:00:00,94.99,254.82,38.49,0.59
2017-02-27 12:00:00,74.65,261.7,42.45,0.64
2017-02-28 12:00:00,104.4,284.48,38.65,0.4
2017-03-01 12:00:00,106.55,245.06,36.98,0.52
2017-03-02 12:00:00,146.98,287.71,43.67,0.0
2017-03-03 12:00:00,49.32,154.72,39.14,0.61
2017-03-04 12:00:00,86.36,227.16,33.72,0.46
2017-03-05 12:00:00,85.52,250.75,30.31,0.63
2017-03-06 12:00:00,79.99,266.88,35.05,0.55
2017-03-07 12:00:00,142.51,245.3,39.42,0.58
2017-03-08 12:00:00,48.73,222.22,26.27,0.98
2017-03-09 12:00:00,57.55,158.3,16.8,0.25
2017-03-10 12:00:00,200.3,127.29,13.15,0.22
2017-03-11 12:00:00,40.06,95.8,15.82,0.19
2017-03-12 12:00:00,27.67,83.99,13.05,0.18
2017-03-13 12:00:00,52.11,139.28,9.0,0.16
2017-03-14 12:00:00,73.05,296.27,7.07,0.25
2017-03-15 12:00:00,111.22,327.86,15.14,0.28
2017-03-16 12:00:00,91.5,310.2,22.21,0.47
2017-03-17 12:00:00,85.13,268.31,12.78,0.35
2017-03-18 12:00:00,93.16,266.19,4.97,0.44
2017-03-19 12:00:00,44.82,225.58,11.52,0.48
2017-03-20 12:00:00,99.11,338.31,10.94,0.52
2017-03-21 12:00:00,92.78,302.63,11.53,0.46
2017-03-22 12:00:00,99.12,559.33,13.34,0.48
2017-03-23 12:00:00,136.4,337.6,18.16,0.44
2017-03-24 12:00:00,156.45,316.62,59.29,0.36
2017-03-25 12:00:00,137.31,278.21,40.14,0.28
2017-03-26 12:00:00,110.9,232.92,37.25,0.22
2017-03-27 12:00:00,145.08,259.12,37.4,0.32
2017-03-28 12:00:00,152.8,150.88,34.69,0.33
2017-03-29 12:00:00,85.0,292.75,45.34,0.37
2017-03-30 12:00:00,83.21,268.25,46.72,0.33
2017-03-31 12:00:00,111.29,321.27,49.15,0.55
2017-04-01 12:00:00,93.12,221.58,48.95,0.46
2017-04-02 12:00:00,86.84,231.29,32.62,0.44
2017-04-03 12:00:00,80.0,185.58,47.74,0.44
2017-04-04 12:00:00,54.83,278.71,40.26,0.34
2017-04-05 12:00:00,54.25,160.71,31.07,0.33
2017-04-06 12:00:00,72.67,153.29,20.24,0.31
2017-04-07 12:00:00,142.66,522.6,39.17,0.26
2017-04-08 12:00:00,103.54,311.34,59.57,0.36
2017-04-09 12:00:00,39.15,257.38,36.99,0.18
2017-04-10 12:00:00,64.67,325.25,30.96,0.32
2017-04-11 12:00:00,36.85,224.38,32.23,0.28
2017-04-12 12:00:00,117.86,319.66,43.46,0.78
2017-04-13 12:00:00,105.81,204.16,50.02,0.61
2017-04-14 12:00:00,229.03,404.46,30.31,0.49
2017-04-15 12:00:00,143.92,278.06,52.1,0.48
2017-04-16 12:00:00,202.02,401.01,41.63,0.91
2017-04-17 12:00:00,130.15,339.0,18.92,0.59
2017-04-18 12:00:00,193.82,518.85,21.51,0.46
2017-04-19 12:00:00,105.22,293.07,35.94,0.47
2017-04-20 12:00:00,103.84,300.12,44.24,0.2
2017-04-21 12:00:00,104.4,374.44,23.56,0.57
2017-04-22 12:00:00,134.0,286.25,29.53,0.0
2017-04-23 12:00:00,97.66,350.83,34.94,0.28
2017-04-24 12:00:00,88.17,204.37,34.37,1.21
2017-04-25 12:00:00,106.89,319.6,37.81,0.45
2017-04-26 12:00:00,91.55,161.92,55.24,0.5
2017-04-27 12:00:00,113.06,250.98,41.77,0.64
2017-04-28 12:00:00,129.0,324.21,42.24,0.69
2017-04-29 12:00:00,256.0,303.61,50.48,0.94
2017-04-30 12:00:00,81.92,207.12,23.72,0.63
2017-05-01 12:00:00,84.04,161.18,36.69,0.46
2017-05-02 12:00:00,156.08,186.31,37.85,0.53
2017-05-03 12:00:00,143.82,400.31,53.32,1.19
2017-05-04 12:00:00,181.14,577.44,33.79,0.77
2017-05-05 12:00:00,148.17,295.97,47.61,0.59
2017-05-06 12:00:00,149.66,256.17,30.3,0.66
2017-05-07 12:00:00,161.5,273.36,51.77,0.74
2017-05-08 12:00:00,236.58,378.48,29.53,1.06
2017-05-09 12:00:00,122.14,333.02,24.39,0.57
2017-05-10 12:00:00,90.7,220.64,19.27,0.61
2017-05-11 12:00:00,89.42,230.92,14.35,0.66
2017-05-12 12:00:00,256.84,705.58,19.86,0.85
2017-05-13 12:00:00,243.31,305.35,29.6,0.84
2017-05-14 12:00:00,119.27,215.04,38.71,0.65
2017-05-15 12:00:00,106.94,389.57,32.54,0.51
2017-05-16 12:00:00,110.75,366.64,22.84,0.48
2017-05-17 12:00:00,97.15,286.58,20.3,0.53
2017-05-18 12:00:00,72.56,253.96,24.98,0.67
2017-05-19 12:00:00,232.83,168.08,59.25,0.76
2017-05-20 12:00:00,268.08,372.0,19.14,0.74
2017-05-21 12:00:00,159.12,556.47,13.49,0.62
2017-05-22 12:00:00,101.4,362.26,30.96,1.09
2017-05-23 12:00:00,72.9,184.7,11.25,0.19
2017-05-24 12:00:00,98.08,188.33,12.16,0.26
2017-05-25 12:00:00,316.17,210.33,12.02,0.35
2017-05-26 12:00:00,96.39,267.58,19.46,0.59
2017-05-27 12:00:00,78.11,321.53,13.22,0.52
2017-05-28 12:00:00,39.74,130.56,13.16,0.42
2017-05-29 12:00:00,61.53,181.33,21.08,0.41
2017-05-30 12:00:00,46.29,144.42,22.21,0.33
2017-05-31 12:00:00,54.77,164.26,22.97,0.66
2017-06-01 12:00:00,109.8,213.08,33.65,0.66
2017-06-02 12:00:00,95.36,301.49,43.01,0.5
2017-06-03 12:00:00,108.39,343.75,52.04,0.57
2017-06-04 12:00:00,85.75,324.75,41.74,0.6
2017-06-05 12:00:00,81.72,347.39,40.88,0.46
2017-06-06 12:00:00,111.11,403.33,37.86,0.37
2017-06-07 12:00:00,63.18,430.34,34.42,0.38
2017-06-08 12:00:00,23.5,,9.27,0.0
2017-06-09 12:00:00,69.0,,13.48,0.0
2017-06-10 12:00:00,,,0.0,0.0
2017-06-11 12:00:00,37.0,,7.21,0.0
2017-06-12 12:00:00,60.5,160.25,6.48,0.0
2017-06-13 12:00:00,30.0,397.0,7.18,0.0
2017-06-14 12:00:00,73.5,359.5,6.74,0.0
2017-06-15 12:00:00,,,0.0,0.0
2017-06-16 12:00:00,31.5,120.75,17.71,0.0
2017-06-17 12:00:00,35.0,89.75,9.89,0.0
2017-06-18 12:00:00,35.0,186.0,8.98,0.0
2017-06-19 12:00:00,22.5,151.5,10.16,0.0
2017-06-20 12:00:00,28.0,,26.69,0.0
2017-06-21 12:00:00,68.0,97.25,13.08,0.0
2017-06-22 12:00:00,38.0,131.5,11.04,0.0
2017-06-23 12:00:00,42.0,185.0,13.05,0.0
2017-06-24 12:00:00,44.0,188.25,11.28,0.0
2017-06-25 12:00:00,70.0,315.75,8.85,0.0
2017-06-26 12:00:00,58.0,,7.92,0.0
2017-06-27 12:00:00,39.5,,7.3,0.0
2017-06-28 12:00:00,40.0,87.5,8.03,0.0
2017-06-29 12:00:00,24.5,,6.65,0.0
2017-06-30 12:00:00,16.0,68.75,9.93,0.0
2017-07-01 12:00:00,58.0,224.0,3.94,0.0
2017-07-02 12:00:00,11.0,203.5,5.2,0.0
2017-07-03 12:00:00,56.0,207.25,4.78,0.0
2017-07-04 12:00:00,43.0,,4.27,0.0
2017-07-05 12:00:00,63.0,,5.2,0.0
2017-07-06 12:00:00,43.5,,4.39,0.0
2017-07-07 12:00:00,67.5,,8.51,0.0
2017-07-08 12:00:00,57.0,,3.13,0.0
2017-07-09 12:00:00,39.5,,2.77,0.0
2017-07-10 12:00:00,29.5,,4.16,0.0
2017-07-11 12:00:00,48.5,,5.1,0.0
2017-07-12 12:00:00,12.0,,7.97,0.0
2017-07-13 12:00:00,17.0,,6.09,0.0
2017-07-14 12:00:00,34.0,,7.02,0.0
2017-07-15 12:00:00,24.5,,9.25,0.0
2017-07-16 12:00:00,45.5,,7.79,0.0
2017-07-17 12:00:00,44.0,,9.61,0.0
2017-07-18 12:00:00,42.5,,14.95,0.0
2017-07-19 12:00:00,58.5,,20.97,0.0
2017-07-20 12:00:00,16.5,,8.61,0.0
2017-07-21 12:00:00,22.0,,4.05,0.0
2017-07-22 12:00:00,26.5,,4.25,0.0
2017-07-23 12:00:00,28.5,,3.32,0.0
2017-07-24 12:00:00,14.0,,5.16,0.0
2017-07-25 12:00:00,25.5,,3.68,0.0
2017-07-26 12:00:00,35.0,,7.06,0.0
2017-07-27 12:00:00,22.0,,4.44,0.0
2017-07-28 12:00:00,24.5,,3.24,0.0
2017-07-29 12:00:00,22.5,,4.01,0.0
2017-07-30 12:00:00,7.5,,4.28,0.0
2017-07-31 12:00:00,23.5,,8.15,0.0
2017-08-01 12:00:00,19.5,,6.85,0.0
2017-08-02 12:00:00,35.5,,7.54,0.0
2017-08-03 12:00:00,26.0,,7.08,0.0
2017-08-04 12:00:00,45.5,,7.92,0.0
2017-08-05 12:00:00,53.0,,11.79,0.0
2017-08-06 12:00:00,56.0,,6.32,0.0
2017-08-07 12:00:00,101.0,,5.86,0.0
2017-08-08 12:00:00,51.0,,7.24,0.0
2017-08-09 12:00:00,61.0,,8.04,0.0
2017-08-10 12:00:00,29.0,,12.58,0.0
2017-08-11 12:00:00,20.0,,6.18,0.0
2017-08-12 12:00:00,,,0.0,0.0
2017-08-13 12:00:00,,,0.0,0.0
2017-08-14 12:00:00,30.5,,10.64,0.0
2017-08-15 12:00:00,32.5,,7.05,0.0
2017-08-16 12:00:00,35.0,,6.25,0.0
2017-08-17 12:00:00,25.5,,7.26,0.0
2017-08-18 12:00:00,35.5,,10.49,0.0
2017-08-19 12:00:00,17.5,,10.6,0.0
2017-08-20 12:00:00,27.0,,10.04,0.0
2017-08-21 12:00:00,,,0.0,0.0
2017-08-22 12:00:00,,,0.0,0.0
2017-08-23 12:00:00,52.0,,11.18,0.0
2017-08-24 12:00:00,,,0.0,0.0
2017-08-25 12:00:00,53.0,,6.45,0.0
2017-08-26 12:00:00,77.0,,7.28,0.0
2017-08-27 12:00:00,,,0.0,0.0
2017-08-28 12:00:00,,,0.0,0.0
2017-08-29 12:00:00,13.0,,6.09,0.0
2017-08-30 12:00:00,,,0.0,0.0
2017-08-31 12:00:00,58.55,83.86,29.19,0.79
2017-09-01 12:00:00,37.01,65.94,7.51,0.35
2017-09-02 12:00:00,59.14,107.06,9.01,0.44
2017-09-03 12:00:00,105.7,127.63,7.51,0.35
2017-09-04 12:00:00,112.61,151.88,7.51,0.35
2017-09-05 12:00:00,118.75,154.8,7.51,0.35
2017-09-06 12:00:00,76.22,179.36,14.35,0.35
2017-09-07 12:00:00,44.4,81.98,22.42,0.45
2017-09-08 12:00:00,72.58,117.92,7.88,0.49
2017-09-09 12:00:00,69.15,134.2,9.45,0.41
2017-09-10 12:00:00,94.65,147.78,9.69,0.46
2017-09-11 12:00:00,95.66,171.35,8.39,0.44
2017-09-12 12:00:00,103.55,165.62,10.41,0.46
2017-09-13 12:00:00,51.77,140.33,5.29,0.18
2017-09-14 12:00:00,83.78,252.94,5.5,0.23
2017-09-15 12:00:00,97.27,159.1,9.33,0.44
2017-09-16 12:00:00,88.12,84.71,12.64,0.29
2017-09-17 12:00:00,80.49,76.72,11.49,0.4
2017-09-18 12:00:00,72.55,139.51,12.06,0.28
2017-09-19 12:00:00,103.29,137.4,16.84,0.45
2017-09-20 12:00:00,99.42,132.74,15.05,0.38
2017-09-21 12:00:00,44.38,39.56,14.05,0.49
2017-09-22 12:00:00,,10.0,12.47,0.29
2017-09-23 12:00:00,19.78,23.28,14.85,0.34
2017-09-24 12:00:00,42.42,67.87,11.19,0.4
2017-09-25 12:00:00,90.68,125.36,8.74,0.33
2017-09-26 12:00:00,89.31,124.71,10.46,0.43
2017-09-27 12:00:00,95.22,127.68,11.06,0.57
2017-09-28 12:00:00,98.16,181.46,13.12,0.32
2017-09-29 12:00:00,85.61,165.76,8.65,0.23
2017-09-30 12:00:00,134.4,181.24,7.6,0.22
2017-10-01 12:00:00,98.1,191.43,8.41,0.37
2017-10-02 12:00:00,76.45,192.83,8.32,0.25
2017-10-03 12:00:00,73.85,181.03,9.19,0.16
2017-10-04 12:00:00,117.9,200.9,6.22,0.18
2017-10-05 12:00:00,107.65,200.74,10.27,0.27
2017-10-06 12:00:00,121.84,177.99,12.25,0.21
2017-10-07 12:00:00,92.36,251.36,12.16,0.18
2017-10-08 12:00:00,134.51,209.46,10.42,0.19
2017-10-09 12:00:00,129.96,177.32,10.84,0.31
2017-10-10 12:00:00,178.71,183.96,10.45,0.25
2017-10-11 12:00:00,77.42,69.46,12.73,0.17
2017-10-12 12:00:00,135.83,266.14,11.07,0.27
2017-10-13 12:00:00,180.35,227.54,8.87,0.22
2017-10-14 12:00:00,146.56,248.85,7.41,0.23
2017-10-15 12:00:00,148.99,205.23,8.62,0.16
2017-10-16 12:00:00,154.39,235.12,33.55,0.69
2017-10-17 12:00:00,148.11,215.22,26.98,0.44
2017-10-18 12:00:00,178.03,267.98,34.19,1.06
2017-10-19 12:00:00,91.68,140.3,36.92,0.71
2017-10-20 12:00:00,286.68,223.3,28.33,0.33
2017-10-21 12:00:00,264.18,423.53,53.53,1.58
2017-10-22 12:00:00,125.49,178.18,19.63,0.52
2017-10-23 12:00:00,205.53,298.06,40.38,0.81
2017-10-24 12:00:00,204.65,389.34,66.62,0.93
2017-10-25 12:00:00,219.22,400.52,54.48,0.57
2017-10-26 12:00:00,183.77,337.49,55.57,0.76
2017-10-27 12:00:00,174.03,308.62,48.72,0.9
2017-10-28 12:00:00,187.39,346.82,34.37,0.49
2017-10-29 12:00:00,184.54,308.07,36.1,0.75
2017-10-30 12:00:00,185.5,324.47,39.53,0.82
2017-10-31 12:00:00,188.43,304.54,59.81,1.54
2017-11-01 12:00:00,156.97,260.75,36.58,1.21
2017-11-02 12:00:00,166.83,256.85,50.45,1.43
2017-11-03 12:00:00,147.36,193.76,40.41,0.77
2017-11-04 12:00:00,197.85,287.89,42.13,1.27
2017-11-05 12:00:00,227.14,324.62,72.48,1.29
2017-11-06 12:00:00,180.38,313.69,64.71,1.2
2017-11-07 12:00:00,680.47,755.73,84.9,2.5
2017-11-08 12:00:00,679.81,777.09,87.83,2.8
2017-11-09 12:00:00,623.69,764.99,99.47,1.85
2017-11-10 12:00:00,459.45,596.68,110.32,2.02
2017-11-11 12:00:00,359.9,499.19,95.56,1.66
2017-11-12 12:00:00,643.46,736.72,95.69,2.18
2017-11-13 12:00:00,389.32,569.64,81.44,1.77
2017-11-14 12:00:00,251.1,384.74,49.1,1.33
2017-11-15 12:00:00,177.08,267.23,54.74,1.36
2017-11-16 12:00:00,221.71,323.55,66.2,1.29
2017-11-17 12:00:00,116.73,187.36,53.62,1.03
2017-11-18 12:00:00,128.57,183.8,37.06,0.87
2017-11-19 12:00:00,133.53,210.41,41.48,1.08
2017-11-20 12:00:00,249.59,353.85,50.68,1.09
2017-11-21 12:00:00,181.17,296.25,55.82,1.11
2017-11-22 12:00:00,170.85,299.3,59.63,1.09
2017-11-23 12:00:00,178.03,315.3,59.35,1.17
2017-11-24 12:00:00,173.85,264.65,66.11,1.11
2017-11-25 12:00:00,149.2,253.92,74.71,1.3
2017-11-26 12:00:00,233.75,324.12,86.02,1.42
2017-11-27 12:00:00,182.27,328.81,71.9,1.13
2017-11-28 12:00:00,142.84,272.91,58.77,1.38
2017-11-29 12:00:00,230.8,319.69,112.34,1.64
2017-11-30 12:00:00,224.1,318.78,75.66,1.41
2017-12-01 12:00:00,189.56,332.01,65.69,1.56
2017-12-02 12:00:00,272.46,390.08,89.62,1.77
2017-12-03 12:00:00,220.64,332.96,93.21,1.43
2017-12-04 12:00:00,293.5,427.88,80.76,1.62
2017-12-05 12:00:00,282.98,418.17,74.85,1.74
2017-12-06 12:00:00,134.97,262.91,55.1,1.19
2017-12-07 12:00:00,89.57,178.38,52.77,1.42
2017-12-08 12:00:00,103.49,225.19,2.12,1.17
2017-12-09 12:00:00,148.76,253.32,2.88,1.31
2017-12-10 12:00:00,274.43,420.98,6.07,1.24
2017-12-11 12:00:00,256.58,415.84,5.95,2.02
2017-12-12 12:00:00,132.12,177.09,3.61,1.37
2017-12-13 12:00:00,119.17,169.48,2.44,1.25
2017-12-14 12:00:00,142.29,204.75,2.04,1.2
2017-12-15 12:00:00,185.24,266.93,2.46,1.34
2017-12-16 12:00:00,109.8,134.06,2.61,0.99
2017-12-17 12:00:00,92.41,156.04,1.83,1.44
2017-12-18 12:00:00,126.31,214.14,1.7,1.22
2017-12-19 12:00:00,178.14,281.27,1.93,1.24
2017-12-20 12:00:00,280.78,409.19,4.63,1.61
2017-12-21 12:00:00,376.28,555.16,3.74,1.54
2017-12-22 12:00:00,171.11,278.87,1.78,0.97
2017-12-23 12:00:00,108.62,178.39,1.79,1.28
2017-12-24 12:00:00,185.82,242.11,3.31,0.99
2017-12-25 12:00:00,347.79,452.86,3.07,1.17
2017-12-26 12:00:00,266.74,361.59,2.6,1.02
2017-12-27 12:00:00,215.28,304.12,3.0,1.18
2017-12-28 12:00:00,314.98,404.97,4.79,1.46
2017-12-29 12:00:00,309.54,424.5,5.32,1.35
2017-12-30 12:00:00,354.32,455.0,6.75,1.49
2017-12-31 12:00:00,331.87,500.87,18.82,1.65
2018-01-01 12:00:00,292.31,474.75,7.05,1.75
2018-01-02 12:00:00,289.65,458.23,3.97,1.24
2018-01-03 12:00:00,224.33,311.49,2.94,1.19
2018-01-04 12:00:00,205.15,345.61,5.03,1.23
2018-01-05 12:00:00,281.98,413.03,6.16,1.39
2018-01-06 12:00:00,293.49,485.79,5.9,1.76
2018-01-07 12:00:00,181.66,268.65,2.47,1.01
2018-01-08 12:00:00,143.88,242.75,1.83,0.96
2018-01-09 12:00:00,226.18,344.17,2.4,1.01
2018-01-10 12:00:00,178.61,280.36,2.37,1.21
2018-01-11 12:00:00,148.2,259.79,2.05,1.24
2018-01-12 12:00:00,170.0,301.94,2.66,1.2
2018-01-13 12:00:00,246.96,341.46,1.35,1.38
2018-01-14 12:00:00,179.59,297.1,1.86,1.12
2018-01-15 12:00:00,192.12,336.75,2.91,1.19
2018-01-16 12:00:00,129.65,258.62,2.19,1.23
2018-01-17 12:00:00,239.26,334.27,24.51,1.17
2018-01-18 12:00:00,298.0,459.54,87.51,1.66
2018-01-19 12:00:00,243.32,362.39,72.3,1.38
2018-01-20 12:00:00,142.82,247.07,63.82,0.98
2018-01-21 12:00:00,102.72,199.08,87.6,0.96
2018-01-22 12:00:00,162.15,290.37,63.82,1.16
2018-01-23 12:00:00,152.44,281.66,48.69,1.14
2018-01-24 12:00:00,147.24,193.51,49.43,1.19
2018-01-25 12:00:00,92.92,134.26,41.37,1.12
2018-01-26 12:00:00,136.1,218.19,55.87,1.15
2018-01-27 12:00:00,170.62,288.78,55.86,1.1
2018-01-28 12:00:00,151.16,228.15,62.16,1.53
2018-01-29 12:00:00,156.21,238.79,60.54,1.26
2018-01-30 12:00:00,149.36,247.85,54.42,2.78
2018-01-31 12:00:00,124.57,233.32,51.71,3.36
2018-02-01 12:00:00,217.05,398.16,69.1,1.4
2018-02-02 12:00:00,205.25,375.25,58.42,1.78
2018-02-03 12:00:00,186.12,347.44,47.44,0.93
2018-02-04 12:00:00,149.14,285.97,40.09,1.04
2018-02-05 12:00:00,199.04,377.43,53.73,1.04
2018-02-06 12:00:00,126.02,243.17,45.44,0.95
2018-02-07 12:00:00,144.71,282.97,40.66,0.94
2018-02-08 12:00:00,166.72,294.33,51.21,0.93
2018-02-09 12:00:00,202.7,347.74,50.95,0.98
2018-02-10 12:00:00,216.23,364.0,79.84,1.12
2018-02-11 12:00:00,136.58,282.17,68.63,0.93
2018-02-12 12:00:00,78.94,245.53,37.85,0.75
2018-02-13 12:00:00,159.24,231.98,70.55,1.38
2018-02-14 12:00:00,72.39,159.25,39.74,0.89
2018-02-15 12:00:00,91.76,182.03,38.08,0.87
2018-02-16 12:00:00,123.6,225.12,43.32,1.09
2018-02-17 12:00:00,128.76,244.75,41.21,1.05
2018-02-18 12:00:00,135.19,234.99,41.69,0.9
2018-02-19 12:00:00,152.52,286.37,54.7,0.98
2018-02-20 12:00:00,144.69,286.48,49.89,1.03
2018-02-21 12:00:00,158.54,309.62,79.38,1.07
2018-02-22 12:00:00,189.95,353.15,63.97,1.07
2018-02-23 12:00:00,198.11,389.03,73.94,1.24
2018-02-24 12:00:00,181.41,405.86,54.16,1.31
2018-02-25 12:00:00,85.35,190.53,51.02,0.84
2018-02-26 12:00:00,63.6,154.88,40.87,0.79
2018-02-27 12:00:00,80.59,179.63,41.12,0.84
2018-02-28 12:00:00,156.03,298.73,51.24,1.24
2018-03-01 12:00:00,136.09,270.42,43.6,1.04
2018-03-02 12:00:00,137.41,265.12,36.77,0.96
2018-03-03 12:00:00,109.67,236.37,47.55,1.06
2018-03-04 12:00:00,73.72,176.32,40.4,0.75
2018-03-05 12:00:00,70.99,156.7,39.06,0.88
2018-03-06 12:00:00,85.96,192.51,37.34,0.74
2018-03-07 12:00:00,97.16,199.51,38.14,1.03
2018-03-08 12:00:00,106.67,216.49,61.89,0.98
2018-03-09 12:00:00,91.11,193.05,41.75,0.78
2018-03-10 12:00:00,91.0,196.44,38.84,0.79
2018-03-11 12:00:00,107.63,210.55,38.68,0.94
2018-03-12 12:00:00,91.81,211.04,38.72,0.89
2018-03-13 12:00:00,89.19,214.44,38.33,0.91
2018-03-14 12:00:00,62.61,240.4,38.98,0.77
2018-03-15 12:00:00,67.31,420.21,36.24,0.74
2018-03-16 12:00:00,122.19,284.42,35.94,0.89
2018-03-17 12:00:00,69.89,176.54,29.2,0.87
2018-03-18 12:00:00,78.64,175.22,31.61,0.86
2018-03-19 12:00:00,87.44,220.92,46.18,0.88
2018-03-20 12:00:00,125.1,251.48,46.16,0.88
2018-03-21 12:00:00,148.05,272.78,46.88,1.19
2018-03-22 12:00:00,120.35,254.83,48.83,1.16
2018-03-23 12:00:00,57.55,150.06,30.88,0.77
2018-03-24 12:00:00,61.48,175.26,34.05,0.78
2018-03-25 12:00:00,89.83,194.89,31.53,0.84
2018-03-26 12:00:00,73.31,194.79,35.02,0.87
2018-03-27 12:00:00,85.29,207.88,44.42,0.89
2018-03-28 12:00:00,62.54,195.46,39.77,0.62
2018-03-29 12:00:00,84.09,209.98,33.84,0.74
2018-03-30 12:00:00,71.93,214.35,31.88,0.74
2018-03-31 12:00:00,75.29,245.76,33.74,0.84
2018-04-01 12:00:00,67.29,181.1,35.08,0.75
2018-04-02 12:00:00,85.87,244.33,37.43,0.8
2018-04-03 12:00:00,86.05,232.57,38.65,0.84
2018-04-04 12:00:00,96.11,226.24,40.39,0.92
2018-04-05 12:00:00,96.18,222.04,37.58,0.78
2018-04-06 12:00:00,117.37,273.92,48.33,1.45
2018-04-07 12:00:00,51.82,173.7,39.89,1.0
2018-04-08 12:00:00,49.58,150.96,41.06,1.01
2018-04-09 12:00:00,33.6,76.46,49.44,1.24
2018-04-10 12:00:00,82.23,252.06,34.74,1.11
2018-04-11 12:00:00,52.08,151.55,36.61,0.82
2018-04-12 12:00:00,48.37,94.83,32.19,1.04
2018-04-13 12:00:00,50.04,109.42,32.93,0.91
2018-04-14 12:00:00,75.24,165.47,36.31,1.05
2018-04-15 12:00:00,90.58,187.59,39.27,1.09
2018-04-16 12:00:00,94.04,292.88,63.83,1.5
2018-04-17 12:00:00,60.5,183.47,34.85,0.69
2018-04-18 12:00:00,63.86,208.53,30.66,0.62
2018-04-19 12:00:00,90.56,288.74,35.29,0.77
2018-04-20 12:00:00,102.8,459.4,35.64,0.62
2018-04-21 12:00:00,134.98,620.91,29.9,0.67
2018-04-22 12:00:00,65.42,222.18,27.27,0.65
2018-04-23 12:00:00,56.42,241.2,32.93,0.8
2018-04-24 12:00:00,101.01,238.49,37.79,0.69
2018-04-25 12:00:00,91.16,249.68,35.84,0.79
2018-04-26 12:00:00,192.02,476.99,43.39,1.36
2018-04-27 12:00:00,97.83,316.91,40.12,0.99
2018-04-28 12:00:00,99.06,376.67,37.57,1.07
2018-04-29 12:00:00,92.56,250.58,35.92,1.19
2018-04-30 12:00:00,72.23,184.56,39.9,0.98
2018-05-01 12:00:00,55.67,178.39,41.8,0.68
2018-05-02 12:00:00,60.93,178.88,42.91,0.9
2018-05-03 12:00:00,55.16,196.81,44.06,1.22
2018-05-04 12:00:00,45.9,104.5,34.67,0.94
2018-05-05 12:00:00,55.09,138.86,34.42,1.09
2018-05-06 12:00:00,79.2,264.72,41.93,0.9
2018-05-07 12:00:00,104.2,231.39,38.25,1.23
2018-05-08 12:00:00,65.72,108.27,31.6,1.53
2018-05-09 12:00:00,109.72,242.2,47.69,1.45
2018-05-10 12:00:00,84.5,200.94,37.92,1.99
2018-05-11 12:00:00,120.72,272.77,40.26,2.09
2018-05-12 12:00:00,139.12,343.44,66.92,3.52
2018-05-13 12:00:00,91.65,225.46,46.25,2.06
2018-05-14 12:00:00,50.24,163.74,41.2,2.01
2018-05-15 12:00:00,65.01,163.32,35.93,1.53
2018-05-16 12:00:00,56.45,152.87,34.71,0.8
2018-05-17 12:00:00,117.0,289.55,32.74,0.63
2018-05-18 12:00:00,106.79,267.73,50.53,0.82
2018-05-19 12:00:00,84.47,202.25,40.14,0.73
2018-05-20 12:00:00,91.92,256.54,30.07,0.72
2018-05-21 12:00:00,67.82,195.0,32.36,0.9
2018-05-22 12:00:00,119.95,266.29,52.08,0.9
2018-05-23 12:00:00,165.34,383.64,65.36,1.2
2018-05-24 12:00:00,158.18,365.49,60.73,1.03
2018-05-25 12:00:00,72.71,174.86,27.67,0.68
2018-05-26 12:00:00,99.71,238.2,32.58,0.75
2018-05-27 12:00:00,103.73,344.08,35.43,0.8
2018-05-28 12:00:00,123.61,276.55,35.44,0.97
2018-05-29 12:00:00,103.48,275.41,43.77,0.83
2018-05-30 12:00:00,72.77,294.65,46.61,0.84
2018-05-31 12:00:00,69.48,211.86,37.74,0.76
2018-06-01 12:00:00,64.53,218.52,39.77,0.84
2018-06-02 12:00:00,61.12,176.19,39.79,0.87
2018-06-03 12:00:00,60.16,143.91,43.78,0.71
2018-06-04 12:00:00,74.07,217.25,34.72,0.82
2018-06-05 12:00:00,77.06,209.04,36.09,0.9
2018-06-06 12:00:00,47.04,140.47,33.82,0.8
2018-06-07 12:00:00,58.27,143.7,33.16,0.78
2018-06-08 12:00:00,83.31,235.47,35.78,0.78
2018-06-09 12:00:00,60.57,151.46,41.15,0.94
2018-06-10 12:00:00,98.35,144.48,28.53,0.63
2018-06-11 12:00:00,61.23,187.02,27.17,0.67
2018-06-12 12:00:00,124.34,623.34,27.8,0.61
2018-06-13 12:00:00,189.04,785.31,25.26,0.71
2018-06-14 12:00:00,158.98,749.31,25.76,0.58
2018-06-15 12:00:00,113.02,530.26,25.52,0.68
2018-06-16 12:00:00,135.6,561.95,25.69,0.51
2018-06-17 12:00:00,73.47,231.86,27.68,0.57
2018-06-18 12:00:00,83.4,202.1,24.98,0.76
2018-06-19 12:00:00,55.04,147.16,25.19,0.79
2018-06-20 12:00:00,87.7,228.54,28.83,0.72
2018-06-21 12:00:00,88.74,292.25,29.06,0.67
2018-06-22 12:00:00,99.73,248.66,29.34,0.72
2018-06-23 12:00:00,68.59,202.78,27.34,0.73
2018-06-24 12:00:00,52.33,153.71,25.8,0.61
2018-06-25 12:00:00,55.32,206.01,19.61,0.52
2018-06-26 12:00:00,20.98,60.18,23.4,0.71
2018-06-27 12:00:00,46.42,110.77,25.5,0.78
2018-06-28 12:00:00,28.38,97.75,21.9,0.66
2018-06-29 12:00:00,39.51,81.95,25.6,0.93
2018-06-30 12:00:00,40.27,114.55,24.07,0.92
2018-07-01 12:00:00,26.47,62.27,18.78,0.64
2018-07-02 12:00:00,39.32,108.97,21.28,0.63
2018-07-03 12:00:00,49.62,124.33,26.96,0.95
2018-07-04 12:00:00,41.55,89.6,21.22,0.77
2018-07-05 12:00:00,51.68,142.12,21.25,0.92
2018-07-06 12:00:00,55.86,184.08,23.25,0.84
2018-07-07 12:00:00,60.25,127.95,20.28,0.93
2018-07-08 12:00:00,63.16,158.06,21.24,0.7
2018-07-09 12:00:00,63.61,168.07,24.97,0.89
2018-07-10 12:00:00,46.53,112.68,28.54,0.8
2018-07-11 12:00:00,47.17,122.86,22.4,0.78
2018-07-12 12:00:00,45.2,129.07,26.78,0.78
2018-07-13 12:00:00,40.47,100.69,25.28,0.91
2018-07-14 12:00:00,43.39,77.85,24.52,0.88
2018-07-15 12:00:00,27.83,59.1,20.96,0.76
2018-07-16 12:00:00,35.43,92.56,22.58,0.87
2018-07-17 12:00:00,26.24,74.91,22.31,0.67
2018-07-18 12:00:00,26.25,79.84,21.65,0.62
2018-07-19 12:00:00,30.21,84.79,23.5,0.68
2018-07-20 12:00:00,21.14,44.68,31.63,0.96
2018-07-21 12:00:00,68.76,124.67,28.3,0.93
2018-07-22 12:00:00,23.79,41.21,23.17,0.79
2018-07-23 12:00:00,43.41,84.28,24.65,0.76
2018-07-24 12:00:00,39.68,94.95,19.27,0.68
2018-07-25 12:00:00,21.55,64.29,27.54,0.82
2018-07-26 12:00:00,23.7,47.2,27.82,0.72
2018-07-27 12:00:00,29.1,40.77,26.22,1.03
2018-07-28 12:00:00,60.08,98.92,21.77,0.7
2018-07-29 12:00:00,43.62,121.25,20.3,0.59
2018-07-30 12:00:00,37.7,118.54,24.85,0.6
2018-07-31 12:00:00,47.5,170.13,26.29,0.66
2018-08-01 12:00:00,62.74,251.14,20.64,0.7
2018-08-02 12:00:00,80.0,317.18,22.36,0.68
2018-08-03 12:00:00,74.62,302.56,20.96,0.56
2018-08-04 12:00:00,74.21,310.56,27.42,0.67
2018-08-05 12:00:00,72.56,336.37,26.01,0.6
2018-08-06 12:00:00,53.26,120.67,34.55,0.98
2018-08-07 12:00:00,54.37,128.43,26.59,0.83
2018-08-08 12:00:00,31.22,69.32,21.13,0.77
2018-08-09 12:00:00,32.24,81.61,19.53,0.63
2018-08-10 12:00:00,36.5,96.32,22.45,0.83
2018-08-11 12:00:00,31.95,102.73,18.93,0.58
2018-08-12 12:00:00,24.43,92.18,25.91,0.57
2018-08-13 12:00:00,29.59,133.96,20.12,0.6
2018-08-14 12:00:00,54.19,138.08,25.98,0.99
2018-08-15 12:00:00,35.69,131.3,14.86,0.71
2018-08-16 12:00:00,35.7,90.39,21.08,0.96
2018-08-17 12:00:00,21.51,59.11,19.35,0.66
2018-08-18 12:00:00,30.24,73.89,19.7,0.73
2018-08-19 12:00:00,55.03,111.55,22.35,0.85
2018-08-20 12:00:00,70.17,136.43,21.7,0.93
2018-08-21 12:00:00,36.68,81.85,19.84,1.16
2018-08-22 12:00:00,28.06,70.33,19.4,0.8
2018-08-23 12:00:00,45.61,65.65,26.3,0.66
2018-08-24 12:00:00,21.86,80.64,27.28,0.7
2018-08-25 12:00:00,22.41,87.06,22.36,0.63
2018-08-26 12:00:00,23.04,80.09,17.22,0.57
2018-08-27 12:00:00,26.22,49.66,17.23,0.67
2018-08-28 12:00:00,40.28,82.53,23.41,0.8
2018-08-29 12:00:00,65.98,101.26,23.02,0.78
2018-08-30 12:00:00,31.65,77.91,23.14,0.72
2018-08-31 12:00:00,37.27,142.97,23.0,0.62
2018-09-01 12:00:00,27.13,51.68,28.26,0.87
2018-09-02 12:00:00,27.54,43.71,22.83,0.69
2018-09-03 12:00:00,70.38,102.3,23.41,0.84
2018-09-04 12:00:00,74.3,120.46,33.79,1.05
2018-09-05 12:00:00,41.35,57.27,29.12,0.83
2018-09-06 12:00:00,38.9,146.88,27.49,0.67
2018-09-07 12:00:00,46.17,102.1,39.57,0.94
2018-09-08 12:00:00,25.0,60.53,27.48,0.73
2018-09-09 12:00:00,44.59,72.98,19.74,0.64
2018-09-10 12:00:00,41.17,91.89,28.51,0.87
2018-09-11 12:00:00,30.6,78.06,27.33,0.85
2018-09-12 12:00:00,28.49,116.71,24.94,0.64
2018-09-13 12:00:00,28.39,156.45,25.7,0.57
2018-09-14 12:00:00,33.89,120.42,22.42,0.6
2018-09-15 12:00:00,33.77,113.61,24.07,0.6
2018-09-16 12:00:00,39.26,137.37,17.83,0.5
2018-09-17 12:00:00,51.37,159.97,25.3,0.7
2018-09-18 12:00:00,55.38,184.0,24.67,0.64
2018-09-19 12:00:00,56.43,188.02,22.61,0.69
2018-09-20 12:00:00,67.27,181.07,27.06,0.8
2018-09-21 12:00:00,33.68,83.44,15.37,0.62
2018-09-22 12:00:00,24.75,57.64,23.84,0.81
2018-09-23 12:00:00,36.83,70.67,16.24,0.68
2018-09-24 12:00:00,23.27,41.32,35.54,0.95
2018-09-25 12:00:00,24.14,47.93,31.56,0.79
2018-09-26 12:00:00,32.96,89.8,23.93,0.75
2018-09-27 12:00:00,61.61,142.56,28.98,0.92
2018-09-28 12:00:00,73.75,194.15,37.26,0.79
2018-09-29 12:00:00,68.84,203.64,36.86,1.0
2018-09-30 12:00:00,59.63,144.73,26.06,0.77
2018-10-01 12:00:00,61.99,174.1,26.1,0.77
2018-10-02 12:00:00,68.22,177.15,20.85,0.81
2018-10-03 12:00:00,53.96,167.08,32.58,0.87
2018-10-04 12:00:00,99.62,233.73,34.77,1.02
2018-10-05 12:00:00,127.94,266.65,35.64,1.11
2018-10-06 12:00:00,65.48,176.25,27.91,0.82
2018-10-07 12:00:00,73.79,220.0,27.37,0.85
2018-10-08 12:00:00,114.99,276.72,37.75,1.2
2018-10-09 12:00:00,92.16,239.82,27.73,1.06
2018-10-10 12:00:00,84.01,247.48,25.37,1.13
2018-10-11 12:00:00,80.66,230.1,19.04,0.93
2018-10-12 12:00:00,60.07,161.99,29.21,0.9
2018-10-13 12:00:00,110.59,217.48,26.16,0.9
2018-10-14 12:00:00,80.55,203.16,24.22,0.96
2018-10-15 12:00:00,96.55,265.81,34.37,1.05
2018-10-16 12:00:00,109.72,299.05,48.74,1.31
2018-10-17 12:00:00,124.11,284.72,37.47,1.02
2018-10-18 12:00:00,121.94,292.6,31.82,1.18
2018-10-19 12:00:00,196.28,421.38,39.88,1.49
2018-10-20 12:00:00,145.52,331.06,36.22,1.18
2018-10-21 12:00:00,109.95,248.76,34.66,1.01
2018-10-22 12:00:00,124.62,295.54,31.22,1.05
2018-10-23 12:00:00,119.5,289.89,44.97,1.26
2018-10-24 12:00:00,201.17,423.45,64.72,1.68
2018-10-25 12:00:00,189.49,405.14,49.1,1.36
2018-10-26 12:00:00,187.58,341.31,54.2,1.43
2018-10-27 12:00:00,239.12,445.61,72.44,1.78
2018-10-28 12:00:00,199.74,362.52,34.36,1.36
2018-10-29 12:00:00,286.72,500.5,47.55,1.74
2018-10-30 12:00:00,346.62,574.28,71.55,2.13
2018-10-31 12:00:00,212.77,376.46,57.5,1.5
2018-11-01 12:00:00,229.05,405.16,67.39,1.48
2018-11-02 12:00:00,208.56,394.61,50.77,1.53
2018-11-03 12:00:00,180.14,339.94,36.24,1.4
2018-11-04 12:00:00,46.88,131.75,24.93,0.8
2018-11-05 12:00:00,482.56,671.63,38.61,1.86
2018-11-06 12:00:00,103.66,243.38,29.02,0.83
2018-11-07 12:00:00,131.76,268.34,30.06,1.05
2018-11-08 12:00:00,253.31,404.82,53.12,1.35
2018-11-09 12:00:00,271.95,378.83,47.25,1.38
2018-11-10 12:00:00,275.54,419.06,74.0,1.93
2018-11-11 12:00:00,209.93,358.05,47.68,1.43
2018-11-12 12:00:00,255.24,442.56,48.72,1.56
2018-11-13 12:00:00,284.88,484.83,93.35,2.39
2018-11-14 12:00:00,143.06,228.27,45.45,1.45
2018-11-15 12:00:00,80.59,147.75,35.48,1.08
2018-11-16 12:00:00,121.75,208.42,30.32,1.03
2018-11-17 12:00:00,128.71,253.97,33.35,1.36
2018-11-18 12:00:00,119.16,233.19,46.71,1.25
2018-11-19 12:00:00,136.76,274.56,35.35,1.36
2018-11-20 12:00:00,225.4,375.68,54.52,1.62
2018-11-21 12:00:00,200.13,338.99,56.27,1.38
2018-11-22 12:00:00,148.82,310.93,72.63,1.4
2018-11-23 12:00:00,215.75,346.08,46.23,1.38
2018-11-24 12:00:00,99.9,216.07,36.02,1.1
2018-11-25 12:00:00,142.14,277.21,47.38,1.24
2018-11-26 12:00:00,197.13,345.63,60.16,1.5
2018-11-27 12:00:00,234.44,416.23,91.04,1.93
2018-11-28 12:00:00,226.66,398.54,79.8,1.79
2018-11-29 12:00:00,190.05,328.17,52.55,1.44
2018-11-30 12:00:00,180.73,348.96,40.94,1.41
2018-12-01 12:00:00,134.34,275.01,40.47,1.17
2018-12-02 12:00:00,141.95,265.71,68.76,1.33
2018-12-03 12:00:00,146.5,307.53,56.58,1.25
2018-12-04 12:00:00,231.65,417.34,86.37,1.83
2018-12-05 12:00:00,154.42,308.22,50.84,1.25
2018-12-06 12:00:00,258.78,436.27,79.41,1.8
2018-12-07 12:00:00,207.24,365.09,46.2,1.26
2018-12-08 12:00:00,182.33,324.28,46.71,1.22
2018-12-09 12:00:00,220.85,349.77,66.85,1.49
2018-12-10 12:00:00,252.5,449.99,56.7,1.52
2018-12-11 12:00:00,298.11,471.62,64.35,1.7
2018-12-12 12:00:00,199.0,304.97,38.1,1.25
2018-12-13 12:00:00,93.01,161.26,36.16,0.92
2018-12-14 12:00:00,150.79,238.52,53.04,1.01
2018-12-15 12:00:00,139.71,253.12,43.89,1.19
2018-12-16 12:00:00,161.64,261.42,43.07,1.07
2018-12-17 12:00:00,214.33,359.37,60.2,1.46
2018-12-18 12:00:00,193.97,336.73,44.29,1.25
2018-12-19 12:00:00,173.54,317.65,48.88,1.31
2018-12-20 12:00:00,242.16,373.95,59.24,1.42
2018-12-21 12:00:00,225.68,357.55,51.49,1.19
2018-12-22 12:00:00,295.85,437.16,57.33,1.45
2018-12-23 12:00:00,340.9,488.61,62.27,1.65
2018-12-24 12:00:00,420.38,610.35,83.98,1.82
2018-12-25 12:00:00,263.8,386.46,47.52,1.56
2018-12-26 12:00:00,217.85,349.34,49.81,1.38
2018-12-27 12:00:00,219.2,365.55,74.52,1.59
2018-12-28 12:00:00,262.38,401.44,43.29,1.4
2018-12-29 12:00:00,195.48,332.07,47.95,1.15
2018-12-30 12:00:00,273.37,419.48,69.19,1.31
2018-12-31 12:00:00,382.38,567.25,61.39,1.46
2019-01-01 12:00:00,260.49,416.22,53.35,1.33
2019-01-02 12:00:00,297.87,504.72,60.92,1.6
2019-01-03 12:00:00,399.0,580.19,67.4,1.84
2019-01-04 12:00:00,246.64,383.85,58.65,1.67
2019-01-05 12:00:00,227.12,342.25,44.19,1.41
2019-01-06 12:00:00,136.58,179.67,40.21,1.34
2019-01-07 12:00:00,207.81,319.78,58.95,1.32
2019-01-08 12:00:00,179.72,247.12,42.09,1.09
2019-01-09 12:00:00,111.36,211.63,34.22,0.93
2019-01-10 12:00:00,158.67,289.17,44.74,1.27
2019-01-11 12:00:00,291.97,435.23,67.41,1.56
2019-01-12 12:00:00,336.39,493.19,88.67,1.98
2019-01-13 12:00:00,263.1,389.89,50.21,1.65
2019-01-14 12:00:00,81.11,175.25,35.13,0.84
2019-01-15 12:00:00,154.07,275.14,46.11,1.16
2019-01-16 12:00:00,246.75,388.56,83.67,1.63
2019-01-17 12:00:00,311.56,474.41,85.51,1.95
2019-01-18 12:00:00,251.96,375.13,55.6,1.66
2019-01-19 12:00:00,245.01,363.7,57.88,1.34
2019-01-20 12:00:00,360.35,548.85,131.55,2.53
2019-01-21 12:00:00,168.46,317.4,43.21,1.32
2019-01-22 12:00:00,50.92,63.08,39.03,1.0
2019-01-23 12:00:00,180.61,254.89,59.09,1.47
2019-01-24 12:00:00,145.58,239.76,39.62,1.28
2019-01-25 12:00:00,98.02,155.18,35.16,1.09
2019-01-26 12:00:00,98.66,160.66,26.47,0.77
2019-01-27 12:00:00,142.86,222.74,33.61,1.14
2019-01-28 12:00:00,114.77,206.7,36.08,0.86
2019-01-29 12:00:00,127.95,219.12,40.2,0.96
2019-01-30 12:00:00,185.73,302.07,46.15,1.1
2019-01-31 12:00:00,138.58,255.16,48.93,1.21
2019-02-01 12:00:00,162.14,251.74,39.26,1.2
2019-02-02 12:00:00,175.83,269.56,35.29,1.1
2019-02-03 12:00:00,114.99,179.28,30.61,1.16
2019-02-04 12:00:00,154.31,244.87,52.8,1.43
2019-02-05 12:00:00,233.11,360.93,61.81,1.57
2019-02-06 12:00:00,164.57,246.78,40.65,1.28
2019-02-07 12:00:00,51.42,109.45,21.74,0.75
2019-02-08 12:00:00,127.32,218.2,38.83,0.92
2019-02-09 12:00:00,67.25,139.61,27.69,0.79
2019-02-10 12:00:00,138.28,243.22,37.07,0.9
2019-02-11 12:00:00,156.32,251.87,49.27,1.13
2019-02-12 12:00:00,169.32,288.46,49.66,1.27
2019-02-13 12:00:00,193.7,330.06,53.07,1.54
2019-02-14 12:00:00,150.76,215.68,39.87,1.27
2019-02-15 12:00:00,147.54,245.49,52.89,1.33
2019-02-16 12:00:00,124.06,204.53,34.4,1.16
2019-02-17 12:00:00,103.84,178.23,28.65,0.93
2019-02-18 12:00:00,90.24,191.84,43.82,1.01
2019-02-19 12:00:00,136.58,242.23,43.09,1.3
2019-02-20 12:00:00,66.66,125.62,39.93,1.08
2019-02-21 12:00:00,52.07,156.67,31.41,0.85
2019-02-22 12:00:00,64.81,123.18,25.14,0.8
2019-02-23 12:00:00,40.71,118.66,22.0,0.73
2019-02-24 12:00:00,73.61,137.01,25.61,1.05
2019-02-25 12:00:00,105.32,196.0,44.76,1.03
2019-02-26 12:00:00,70.36,134.84,37.26,0.95
2019-02-27 12:00:00,55.58,95.01,23.55,0.9
2019-02-28 12:00:00,79.04,137.86,27.21,0.94
2019-03-01 12:00:00,74.87,138.82,31.61,0.77
2019-03-02 12:00:00,174.62,273.15,73.16,1.57
2019-03-03 12:00:00,43.86,72.9,26.53,0.81
2019-03-04 12:00:00,101.87,158.65,37.85,1.05
2019-03-05 12:00:00,73.08,133.86,24.53,0.76
2019-03-06 12:00:00,72.0,140.98,26.94,0.99
2019-03-07 12:00:00,68.41,136.83,29.32,0.96
2019-03-08 12:00:00,89.2,173.98,33.31,0.84
2019-03-09 12:00:00,66.29,170.15,28.0,0.88
2019-03-10 12:00:00,67.91,150.17,23.44,0.72
2019-03-11 12:00:00,64.36,247.86,26.64,0.76
2019-03-12 12:00:00,57.87,127.64,28.14,0.84
2019-03-13 12:00:00,85.04,221.32,36.56,0.95
2019-03-14 12:00:00,100.38,224.24,41.81,1.26
2019-03-15 12:00:00,62.53,135.33,28.1,0.71
2019-03-16 12:00:00,65.11,144.86,26.93,0.84
2019-03-17 12:00:00,67.09,137.39,26.35,0.66
2019-03-18 12:00:00,78.95,168.31,32.26,0.79
2019-03-19 12:00:00,89.09,207.94,36.65,0.93
2019-03-20 12:00:00,54.91,212.03,36.08,0.89
2019-03-21 12:00:00,99.87,169.36,23.83,1.04
2019-03-22 12:00:00,39.03,136.78,24.61,0.62
2019-03-23 12:00:00,38.45,141.39,22.63,0.72
2019-03-24 12:00:00,71.25,166.78,27.8,0.96
2019-03-25 12:00:00,71.02,170.49,27.94,0.89
2019-03-26 12:00:00,57.34,159.53,25.58,0.86
2019-03-27 12:00:00,67.82,195.14,31.0,0.89
2019-03-28 12:00:00,77.85,197.73,38.02,1.21
2019-03-29 12:00:00,119.69,233.21,36.9,1.04
2019-03-30 12:00:00,80.88,213.21,34.87,1.06
2019-03-31 12:00:00,50.25,225.93,20.14,0.72
2019-04-01 12:00:00,44.18,170.62,25.96,0.71
2019-04-02 12:00:00,76.9,206.92,35.08,0.92
2019-04-03 12:00:00,64.88,192.01,24.48,0.84
2019-04-04 12:00:00,89.25,226.38,28.35,1.09
2019-04-05 12:00:00,106.89,247.41,31.41,1.15
2019-04-06 12:00:00,124.93,327.19,22.89,1.16
2019-04-07 12:00:00,138.94,328.19,29.84,1.22
2019-04-08 12:00:00,120.3,451.99,40.69,1.22
2019-04-09 12:00:00,74.99,207.61,33.51,1.09
2019-04-10 12:00:00,63.85,169.78,35.03,1.24
2019-04-11 12:00:00,77.5,218.9,34.78,1.21
2019-04-12 12:00:00,63.79,252.13,23.27,1.11
2019-04-13 12:00:00,52.53,232.7,21.76,0.8
2019-04-14 12:00:00,42.14,148.22,19.83,0.91
2019-04-15 12:00:00,53.67,203.67,27.3,0.97
2019-04-16 12:00:00,40.01,110.82,27.93,0.98
2019-04-17 12:00:00,28.51,71.9,20.84,0.9
2019-04-18 12:00:00,27.79,76.39,29.88,0.88
2019-04-19 12:00:00,39.45,92.25,28.22,0.87
2019-04-20 12:00:00,39.4,98.98,20.09,0.77
2019-04-21 12:00:00,52.8,129.06,23.76,0.81
2019-04-22 12:00:00,66.23,135.22,23.2,0.94
2019-04-23 12:00:00,67.36,160.79,29.55,0.97
2019-04-24 12:00:00,85.6,276.22,25.14,1.24
2019-04-25 12:00:00,95.65,289.5,25.39,1.43
2019-04-26 12:00:00,78.35,229.58,28.09,1.09
2019-04-27 12:00:00,61.52,285.18,19.81,0.8
2019-04-28 12:00:00,80.18,304.99,21.18,0.81
2019-04-29 12:00:00,81.09,250.84,22.72,0.89
2019-04-30 12:00:00,94.0,281.02,22.03,1.05
2019-05-01 12:00:00,132.31,360.11,47.19,2.06
2019-05-02 12:00:00,85.29,344.08,32.94,1.22
2019-05-03 12:00:00,55.91,163.68,43.16,1.03
2019-05-04 12:00:00,57.63,176.24,45.37,0.94
2019-05-05 12:00:00,77.6,196.78,37.51,0.88
2019-05-06 12:00:00,114.46,325.09,36.25,1.14
2019-05-07 12:00:00,80.57,378.62,51.4,0.72
2019-05-08 12:00:00,109.49,504.35,25.77,1.0
2019-05-09 12:00:00,135.92,607.01,22.0,0.94
2019-05-10 12:00:00,82.62,276.61,24.7,0.95
2019-05-11 12:00:00,91.63,239.75,23.88,1.01
2019-05-12 12:00:00,189.14,784.66,16.14,0.7
2019-05-13 12:00:00,205.44,369.31,25.97,1.36
2019-05-14 12:00:00,61.44,127.41,19.77,0.87
2019-05-15 12:00:00,48.36,98.52,22.42,1.01
2019-05-16 12:00:00,47.23,140.33,41.07,1.09
2019-05-17 12:00:00,131.89,545.87,26.12,0.97
2019-05-18 12:00:00,34.9,78.09,19.36,0.92
2019-05-19 12:00:00,67.74,131.3,21.52,0.96
2019-05-20 12:00:00,82.86,192.93,26.49,0.98
2019-05-21 12:00:00,72.23,184.68,28.56,1.11
2019-05-22 12:00:00,62.55,263.39,36.28,1.31
2019-05-23 12:00:00,97.04,247.14,32.4,1.29
2019-05-24 12:00:00,24.64,165.67,22.23,0.85
2019-05-25 12:00:00,34.26,105.27,26.45,1.05
2019-05-26 12:00:00,42.62,107.12,22.72,0.85
2019-05-27 12:00:00,76.47,161.66,37.19,1.09
2019-05-28 12:00:00,38.03,107.52,44.76,0.9
2019-05-29 12:00:00,57.8,162.79,39.36,0.94
2019-05-30 12:00:00,63.21,203.25,47.37,0.99
2019-05-31 12:00:00,97.87,382.23,33.92,1.06
2019-06-01 12:00:00,96.42,281.74,26.75,1.23
2019-06-02 12:00:00,72.41,219.01,25.07,1.01
2019-06-03 12:00:00,81.92,453.36,32.34,1.0
2019-06-04 12:00:00,57.89,185.56,30.65,1.05
2019-06-05 12:00:00,74.85,203.12,24.23,1.03
2019-06-06 12:00:00,60.6,184.94,32.51,1.13
2019-06-07 12:00:00,66.88,198.5,35.07,1.15
2019-06-08 12:00:00,56.05,144.76,22.25,1.08
2019-06-09 12:00:00,133.2,319.75,28.86,1.04
2019-06-10 12:00:00,57.8,182.43,25.57,0.87
2019-06-11 12:00:00,167.28,736.05,37.27,0.77
2019-06-12 12:00:00,55.32,287.54,19.27,0.88
2019-06-13 12:00:00,46.83,152.29,22.45,0.9
2019-06-14 12:00:00,57.83,208.08,22.33,0.75
2019-06-15 12:00:00,63.75,256.33,22.53,0.76
2019-06-16 12:00:00,29.29,94.79,24.78,0.88
2019-06-17 12:00:00,44.89,165.8,26.06,0.8
2019-06-18 12:00:00,20.52,65.98,29.31,1.05
2019-06-19 12:00:00,77.57,279.37,23.79,0.88
2019-06-20 12:00:00,47.54,132.31,22.4,0.93
2019-06-21 12:00:00,57.96,180.18,23.2,1.0
2019-06-22 12:00:00,57.23,147.94,21.6,0.93
2019-06-23 12:00:00,38.43,109.28,19.14,1.01
2019-06-24 12:00:00,38.9,101.68,22.76,1.06
2019-06-25 12:00:00,57.02,131.31,21.98,1.03
2019-06-26 12:00:00,69.44,165.21,31.62,0.95
2019-06-27 12:00:00,72.64,377.2,28.1,0.87
2019-06-28 12:00:00,35.76,176.72,24.62,0.74
2019-06-29 12:00:00,48.13,225.3,22.49,0.84
2019-06-30 12:00:00,50.34,241.75,19.78,0.88
2019-07-01 12:00:00,57.58,205.21,24.45,0.88
2019-07-02 12:00:00,85.99,242.25,21.86,1.08
2019-07-03 12:00:00,41.49,122.87,18.73,1.09
2019-07-04 12:00:00,33.16,106.01,20.95,1.01
2019-07-05 12:00:00,51.0,114.34,28.43,1.15
2019-07-06 12:00:00,45.45,112.98,24.91,1.02
2019-07-07 12:00:00,49.85,111.5,20.88,0.89
2019-07-08 12:00:00,56.46,171.96,23.1,1.04
2019-07-09 12:00:00,47.04,162.51,28.85,0.93
2019-07-10 12:00:00,53.64,230.64,22.26,0.94
2019-07-11 12:00:00,94.53,546.34,25.14,0.77
2019-07-12 12:00:00,102.09,574.61,24.38,0.83
2019-07-13 12:00:00,94.66,521.41,19.38,0.86
2019-07-14 12:00:00,70.16,348.33,19.85,0.77
2019-07-15 12:00:00,53.01,227.64,24.22,1.13
2019-07-16 12:00:00,28.29,78.96,20.6,1.12
2019-07-17 12:00:00,21.15,38.88,29.94,1.06
2019-07-18 12:00:00,22.85,33.01,33.26,1.0
2019-07-19 12:00:00,52.71,129.81,32.93,1.09
2019-07-20 12:00:00,43.66,121.16,22.76,0.96
2019-07-21 12:00:00,46.04,110.54,17.93,1.04
2019-07-22 12:00:00,55.97,116.93,19.87,1.09
2019-07-23 12:00:00,57.8,124.57,25.67,1.04
2019-07-24 12:00:00,80.29,191.32,30.46,1.07
2019-07-25 12:00:00,30.78,91.93,37.32,0.92
2019-07-26 12:00:00,34.48,77.35,22.35,0.92
2019-07-27 12:00:00,25.63,53.16,19.33,0.87
2019-07-28 12:00:00,23.87,49.76,17.44,0.86
2019-07-29 12:00:00,25.98,63.53,19.98,0.87
2019-07-30 12:00:00,25.23,82.24,24.16,0.87
2019-07-31 12:00:00,35.89,85.69,21.04,0.9
2019-08-01 12:00:00,36.03,89.45,22.09,0.87
2019-08-02 12:00:00,43.62,105.26,24.15,0.94
2019-08-03 12:00:00,38.6,72.17,31.0,1.14
2019-08-04 12:00:00,64.65,108.15,26.04,0.93
2019-08-05 12:00:00,53.35,101.5,25.3,1.01
2019-08-06 12:00:00,11.74,13.91,34.93,0.96
2019-08-07 12:00:00,32.24,67.96,26.28,0.93
2019-08-08 12:00:00,28.22,84.09,25.75,0.91
2019-08-09 12:00:00,15.01,83.63,20.93,0.78
2019-08-10 12:00:00,21.58,63.09,21.85,0.84
2019-08-11 12:00:00,26.4,70.54,23.23,0.86
2019-08-12 12:00:00,17.82,36.36,25.62,0.98
2019-08-13 12:00:00,27.19,80.01,28.07,0.94
2019-08-14 12:00:00,48.13,77.26,31.93,1.09
2019-08-15 12:00:00,17.56,34.63,23.72,0.76
2019-08-16 12:00:00,14.82,46.68,26.09,0.75
2019-08-17 12:00:00,9.82,17.77,26.8,0.83
2019-08-18 12:00:00,12.87,23.03,17.84,0.9
2019-08-19 12:00:00,32.05,64.9,26.9,0.82
2019-08-20 12:00:00,44.81,89.26,17.32,1.0
2019-08-21 12:00:00,38.78,149.02,21.91,0.85
2019-08-22 12:00:00,40.31,139.74,25.33,0.87
2019-08-23 12:00:00,42.59,143.95,29.47,0.78
2019-08-24 12:00:00,64.64,167.6,35.31,1.08
2019-08-25 12:00:00,32.43,69.9,22.47,0.87
2019-08-26 12:00:00,18.33,62.43,25.82,0.74
2019-08-27 12:00:00,29.21,82.92,21.81,0.79
2019-08-28 12:00:00,29.89,77.46,25.62,0.84
2019-08-29 12:00:00,28.92,85.72,20.1,0.86
2019-08-30 12:00:00,47.04,118.89,22.32,1.03
2019-08-31 12:00:00,42.48,112.46,25.05,0.94
2019-09-01 12:00:00,18.57,46.04,23.93,0.99
2019-09-02 12:00:00,47.41,116.37,22.88,1.04
2019-09-03 12:00:00,65.29,137.15,28.76,1.11
2019-09-04 12:00:00,93.67,197.96,25.85,1.2
2019-09-05 12:00:00,44.08,116.56,22.98,0.96
2019-09-06 12:00:00,33.81,86.22,16.96,0.85
2019-09-07 12:00:00,38.69,97.15,21.52,0.91
2019-09-08 12:00:00,36.37,80.61,22.53,0.78
2019-09-09 12:00:00,47.98,113.68,20.43,0.82
2019-09-10 12:00:00,59.05,131.87,22.36,0.83
2019-09-11 12:00:00,63.47,156.46,21.99,0.89
2019-09-12 12:00:00,52.09,135.0,21.1,0.88
2019-09-13 12:00:00,31.53,99.21,21.14,0.78
2019-09-14 12:00:00,37.18,87.3,19.74,0.72
2019-09-15 12:00:00,44.61,84.15,19.66,0.82
2019-09-16 12:00:00,52.38,118.85,27.6,0.93
2019-09-17 12:00:00,43.13,112.13,31.67,0.99
2019-09-18 12:00:00,32.81,118.29,24.56,0.86
2019-09-19 12:00:00,26.36,80.19,22.36,0.79
2019-09-20 12:00:00,46.15,112.24,21.82,0.78
2019-09-21 12:00:00,39.95,100.39,19.74,0.78
2019-09-22 12:00:00,23.35,53.08,21.09,0.8
2019-09-23 12:00:00,39.24,89.37,26.4,0.92
2019-09-24 12:00:00,48.69,124.71,25.67,0.93
2019-09-25 12:00:00,33.05,93.73,20.94,0.82
2019-09-26 12:00:00,22.09,70.3,21.34,0.72
2019-09-27 12:00:00,17.62,78.46,22.67,0.73
2019-09-28 12:00:00,29.08,83.38,22.56,0.71
2019-09-29 12:00:00,22.07,62.31,18.33,0.72
2019-09-30 12:00:00,31.79,86.85,26.52,0.96
2019-10-01 12:00:00,34.8,99.6,19.15,0.88
2019-10-02 12:00:00,39.45,89.93,19.95,0.88
2019-10-03 12:00:00,53.39,152.94,28.01,0.97
2019-10-04 12:00:00,49.49,103.31,20.14,1.0
2019-10-05 12:00:00,29.22,81.93,22.11,0.74
2019-10-06 12:00:00,62.31,141.24,19.7,0.78
2019-10-07 12:00:00,46.82,131.7,23.26,0.81
2019-10-08 12:00:00,43.59,113.65,18.79,0.68
2019-10-09 12:00:00,72.67,164.58,25.01,0.82
2019-10-10 12:00:00,107.47,223.3,30.32,1.07
2019-10-11 12:00:00,80.65,157.66,25.67,0.99
2019-10-12 12:00:00,91.49,178.09,24.14,0.85
2019-10-13 12:00:00,127.71,232.43,27.4,1.03
2019-10-14 12:00:00,106.16,209.81,27.83,0.99
2019-10-15 12:00:00,129.94,254.11,27.49,1.22
2019-10-16 12:00:00,125.57,247.62,22.69,1.11
2019-10-17 12:00:00,130.8,258.19,24.9,1.12
2019-10-18 12:00:00,107.75,242.87,25.87,1.19
2019-10-19 12:00:00,121.71,233.39,28.54,0.96
2019-10-20 12:00:00,93.14,189.39,30.46,0.97
2019-10-21 12:00:00,170.88,304.78,35.33,1.09
2019-10-22 12:00:00,87.96,202.78,29.86,0.94
2019-10-23 12:00:00,128.32,270.71,32.8,1.47
2019-10-24 12:00:00,187.25,342.85,42.06,1.34
2019-10-25 12:00:00,103.47,229.11,25.79,1.01
2019-10-26 12:00:00,117.29,233.5,31.54,1.0
2019-10-27 12:00:00,216.48,346.35,28.68,1.24
2019-10-28 12:00:00,259.36,396.78,30.06,1.44
2019-10-29 12:00:00,248.82,414.81,51.17,1.91
2019-10-30 12:00:00,231.57,418.07,56.98,1.67
2019-10-31 12:00:00,265.36,470.38,63.22,1.88
2019-11-01 12:00:00,425.42,636.33,60.35,2.16
2019-11-02 12:00:00,374.94,575.51,59.25,2.2
2019-11-03 12:00:00,841.61,904.91,40.37,3.06
2019-11-04 12:00:00,282.8,396.54,29.26,1.21
2019-11-05 12:00:00,146.86,239.82,25.82,0.95
2019-11-06 12:00:00,115.25,240.35,50.35,1.29
2019-11-07 12:00:00,229.31,379.86,56.63,1.67
2019-11-08 12:00:00,143.78,238.11,51.39,1.36
2019-11-09 12:00:00,95.96,166.16,26.9,0.81
2019-11-10 12:00:00,222.42,335.46,34.49,1.31
2019-11-11 12:00:00,458.3,639.52,39.79,1.59
2019-11-12 12:00:00,471.38,634.89,39.84,1.86
2019-11-13 12:00:00,361.36,524.23,56.38,1.9
2019-11-14 12:00:00,428.65,608.19,69.33,2.43
2019-11-15 12:00:00,521.14,688.25,40.18,1.9
2019-11-16 12:00:00,143.91,224.23,30.26,1.07
2019-11-17 12:00:00,63.61,127.75,23.33,0.75
2019-11-18 12:00:00,75.18,132.02,25.84,0.98
2019-11-19 12:00:00,181.55,274.81,38.73,1.23
2019-11-20 12:00:00,240.64,358.8,56.66,1.47
2019-11-21 12:00:00,225.74,368.32,87.8,2.04
2019-11-22 12:00:00,192.07,316.48,63.92,1.43
2019-11-23 12:00:00,128.4,221.04,35.49,1.01
2019-11-24 12:00:00,104.98,168.46,29.49,0.83
2019-11-25 12:00:00,123.4,218.32,47.55,1.02
2019-11-26 12:00:00,136.69,273.85,57.45,1.36
2019-11-27 12:00:00,75.66,181.34,51.6,1.06
2019-11-28 12:00:00,41.53,72.59,26.68,0.7
2019-11-29 12:00:00,47.92,89.32,32.45,0.75
2019-11-30 12:00:00,103.96,156.32,36.49,0.98
2019-12-01 12:00:00,137.98,195.72,35.71,0.83
2019-12-02 12:00:00,123.9,213.3,39.98,1.11
2019-12-03 12:00:00,124.38,227.54,41.49,0.88
2019-12-04 12:00:00,171.39,297.76,60.48,1.2
2019-12-05 12:00:00,287.06,424.45,86.63,1.69
2019-12-06 12:00:00,253.15,368.92,58.82,1.25
2019-12-07 12:00:00,302.86,425.63,67.13,1.49
2019-12-08 12:00:00,306.78,409.36,72.87,1.58
2019-12-09 12:00:00,220.66,322.19,58.97,1.29
2019-12-10 12:00:00,272.62,400.79,62.01,1.34
2019-12-11 12:00:00,303.04,424.48,80.65,1.77
2019-12-12 12:00:00,317.3,471.66,50.49,1.61
2019-12-13 12:00:00,73.95,97.06,34.16,1.16
2019-12-14 12:00:00,59.03,93.44,27.46,0.82
2019-12-15 12:00:00,119.34,180.26,34.23,1.04
2019-12-16 12:00:00,75.45,111.64,33.31,1.14
2019-12-17 12:00:00,85.73,131.71,38.42,0.9
2019-12-18 12:00:00,126.01,184.86,43.59,0.95
2019-12-19 12:00:00,254.94,378.14,70.33,1.84
2019-12-20 12:00:00,305.61,429.73,56.22,1.82
2019-12-21 12:00:00,279.54,384.27,51.1,1.5
2019-12-22 12:00:00,118.78,159.94,36.95,1.0
2019-12-23 12:00:00,171.69,235.82,38.93,1.14
2019-12-24 12:00:00,270.22,385.67,51.02,1.41
2019-12-25 12:00:00,145.41,219.3,32.81,1.09
2019-12-26 12:00:00,195.05,291.7,38.6,1.07
2019-12-27 12:00:00,236.62,351.08,44.53,1.13
2019-12-28 12:00:00,199.64,324.16,55.63,1.33
2019-12-29 12:00:00,339.57,482.78,52.22,1.54
2019-12-30 12:00:00,294.5,480.15,85.93,2.38
2019-12-31 12:00:00,225.79,323.07,33.85,1.22
2020-01-01 12:00:00,277.94,373.83,58.27,1.4
2020-01-02 12:00:00,289.77,421.73,69.97,1.74
2020-01-03 12:00:00,119.74,178.67,44.03,0.85
2020-01-04 12:00:00,260.09,386.61,72.08,1.46
2020-01-05 12:00:00,189.03,279.36,42.64,1.03
2020-01-06 12:00:00,206.22,351.45,76.66,1.72
2020-01-07 12:00:00,109.16,182.21,39.41,1.08
2020-01-08 12:00:00,114.27,141.84,48.37,1.28
2020-01-09 12:00:00,101.72,141.48,27.51,0.84
2020-01-10 12:00:00,148.37,211.17,38.18,1.14
2020-01-11 12:00:00,133.61,211.7,42.44,0.99
2020-01-12 12:00:00,174.94,265.12,59.08,1.21
2020-01-13 12:00:00,175.1,296.46,42.59,1.23
2020-01-14 12:00:00,128.7,177.8,37.35,1.13
2020-01-15 12:00:00,123.77,189.51,47.65,1.23
2020-01-16 12:00:00,130.91,179.89,51.88,1.08
2020-01-17 12:00:00,123.58,164.18,48.58,1.0
2020-01-18 12:00:00,115.39,186.39,60.32,1.34
2020-01-19 12:00:00,134.83,183.42,29.16,0.93
2020-01-20 12:00:00,151.17,220.02,36.67,1.12
2020-01-21 12:00:00,243.27,367.48,52.56,1.3
2020-01-22 12:00:00,191.15,291.02,53.21,1.52
2020-01-23 12:00:00,61.43,136.91,25.3,0.76
2020-01-24 12:00:00,73.1,143.63,31.84,0.78
2020-01-25 12:00:00,128.5,225.93,49.4,0.99
2020-01-26 12:00:00,170.07,225.0,39.99,1.38
2020-01-27 12:00:00,251.82,406.58,148.62,2.47
2020-01-28 12:00:00,109.82,150.79,34.47,1.22
2020-01-29 12:00:00,71.71,114.08,33.36,0.71
2020-01-30 12:00:00,116.17,187.21,37.14,0.97
2020-01-31 12:00:00,108.77,181.64,40.16,1.03
2020-02-01 12:00:00,120.26,190.15,42.92,0.91
2020-02-02 12:00:00,131.6,198.27,35.05,0.96
2020-02-03 12:00:00,102.89,183.93,36.97,0.87
2020-02-04 12:00:00,172.73,300.05,55.01,1.15
2020-02-05 12:00:00,154.95,257.06,40.35,0.96
2020-02-06 12:00:00,104.45,176.96,36.92,0.89
2020-02-07 12:00:00,163.4,263.81,58.93,1.18
2020-02-08 12:00:00,173.58,255.92,31.75,0.92
2020-02-09 12:00:00,165.7,249.16,34.46,0.94
2020-02-10 12:00:00,189.14,289.3,35.59,0.97
2020-02-11 12:00:00,174.87,273.19,43.46,0.99
2020-02-12 12:00:00,174.55,298.2,33.68,1.01
2020-02-13 12:00:00,98.69,196.41,34.8,0.91
2020-02-14 12:00:00,76.78,176.41,28.26,0.87
2020-02-15 12:00:00,79.18,185.56,30.72,0.8
2020-02-16 12:00:00,142.95,244.92,36.08,0.99
2020-02-17 12:00:00,142.5,251.11,42.57,0.89
2020-02-18 12:00:00,122.37,241.18,35.85,1.0
2020-02-19 12:00:00,105.63,242.13,36.83,0.87
2020-02-20 12:00:00,95.05,293.82,24.81,0.91
2020-02-21 12:00:00,41.37,82.09,21.8,0.81
2020-02-22 12:00:00,56.05,103.92,28.46,0.86
2020-02-23 12:00:00,112.78,186.28,35.44,1.05
2020-02-24 12:00:00,66.74,143.47,35.67,0.91
2020-02-25 12:00:00,157.15,255.11,33.94,1.24
2020-02-26 12:00:00,143.87,240.07,37.68,0.98
2020-02-27 12:00:00,111.52,232.52,35.19,1.09
2020-02-28 12:00:00,80.96,197.59,23.31,0.91
2020-02-29 12:00:00,58.34,139.5,22.4,0.79
2020-03-01 12:00:00,39.59,76.29,27.77,0.77
2020-03-02 12:00:00,80.61,152.56,35.74,0.92
2020-03-03 12:00:00,86.54,171.45,36.31,0.79
2020-03-04 12:00:00,83.36,209.72,34.89,0.97
2020-03-05 12:00:00,43.78,88.23,24.21,0.75
2020-03-06 12:00:00,23.81,43.33,20.84,0.63
2020-03-07 12:00:00,39.2,74.58,25.14,0.61
2020-03-08 12:00:00,103.19,167.92,36.63,0.89
2020-03-09 12:00:00,32.93,115.71,21.02,0.48
2020-03-10 12:00:00,42.35,100.84,13.88,0.51
2020-03-11 12:00:00,52.73,119.59,19.12,0.75
2020-03-12 12:00:00,96.82,180.23,28.58,0.95
2020-03-13 12:00:00,71.64,202.72,37.01,0.69
2020-03-14 12:00:00,38.83,82.92,21.53,0.69
2020-03-15 12:00:00,90.15,149.41,33.88,0.81
2020-03-16 12:00:00,50.15,129.9,28.29,0.72
2020-03-17 12:00:00,49.22,138.16,26.23,0.69
2020-03-18 12:00:00,58.79,143.68,25.89,0.9
2020-03-19 12:00:00,78.16,164.56,31.1,0.79
2020-03-20 12:00:00,99.52,217.07,30.84,1.01
2020-03-21 12:00:00,76.39,164.5,28.07,0.8
2020-03-22 12:00:00,76.9,123.99,18.66,0.78
2020-03-23 12:00:00,55.3,91.78,14.92,0.57
2020-03-24 12:00:00,55.22,109.82,17.99,0.66
2020-03-25 12:00:00,38.5,65.18,17.2,0.61
2020-03-26 12:00:00,33.84,65.09,15.51,0.49
2020-03-27 12:00:00,32.01,49.86,19.09,0.62
2020-03-28 12:00:00,20.72,28.62,14.31,0.5
2020-03-29 12:00:00,25.94,59.76,13.56,0.48
2020-03-30 12:00:00,33.84,60.48,14.43,0.52
2020-03-31 12:00:00,32.08,57.24,15.35,0.53
2020-04-01 12:00:00,62.08,106.54,17.86,0.7
2020-04-02 12:00:00,28.79,68.38,14.44,0.6
2020-04-03 12:00:00,21.62,52.21,14.96,0.54
2020-04-04 12:00:00,26.9,55.14,15.34,0.59
2020-04-05 12:00:00,36.79,73.42,16.1,0.65
2020-04-06 12:00:00,47.93,96.8,20.54,0.63
2020-04-07 12:00:00,29.6,133.27,17.54,0.58
2020-04-08 12:00:00,25.42,80.27,17.97,0.54
2020-04-09 12:00:00,35.09,75.19,17.48,0.6
2020-04-10 12:00:00,38.61,83.96,17.99,0.62
2020-04-11 12:00:00,44.21,101.52,20.22,0.62
2020-04-12 12:00:00,36.09,89.28,11.91,0.62
2020-04-13 12:00:00,45.62,101.63,13.42,0.69
2020-04-14 12:00:00,40.93,97.58,15.64,0.87
2020-04-15 12:00:00,67.51,256.6,15.15,0.78
2020-04-16 12:00:00,109.63,279.08,18.69,0.99
2020-04-17 12:00:00,27.75,87.4,14.15,0.62
2020-04-18 12:00:00,27.06,87.24,14.49,0.6
2020-04-19 12:00:00,57.13,96.52,16.04,0.66
2020-04-20 12:00:00,20.84,89.67,16.04,0.84
2020-04-21 12:00:00,41.84,87.42,16.02,0.81
2020-04-22 12:00:00,43.91,86.59,16.51,0.63
2020-04-23 12:00:00,40.69,88.14,16.62,0.79
2020-04-24 12:00:00,45.72,101.75,16.81,0.78
2020-04-25 12:00:00,15.61,49.37,15.92,0.62
2020-04-26 12:00:00,25.41,57.69,15.67,0.71
2020-04-27 12:00:00,23.38,49.06,14.05,0.68
2020-04-28 12:00:00,43.4,79.5,16.48,0.86
2020-04-29 12:00:00,49.43,97.7,16.81,0.77
2020-04-30 12:00:00,63.49,130.32,19.08,0.84
2020-05-01 12:00:00,69.33,156.92,20.16,0.83
2020-05-02 12:00:00,41.54,119.25,20.12,0.71
2020-05-03 12:00:00,32.07,66.6,19.0,0.72
2020-05-04 12:00:00,28.61,65.82,18.13,0.78
2020-05-05 12:00:00,42.09,84.93,22.29,0.74
2020-05-06 12:00:00,68.71,206.87,21.35,0.72
2020-05-07 12:00:00,22.09,57.96,22.6,0.64
2020-05-08 12:00:00,36.04,105.19,27.23,0.7
2020-05-09 12:00:00,49.11,128.44,11.92,0.88
2020-05-10 12:00:00,73.84,216.22,11.9,0.74
2020-05-11 12:00:00,43.79,129.72,13.54,0.71
2020-05-12 12:00:00,38.02,93.22,12.44,0.7
2020-05-13 12:00:00,65.12,205.59,14.8,0.83
2020-05-14 12:00:00,66.09,162.17,14.5,0.87
2020-05-15 12:00:00,35.39,84.64,14.3,0.71
2020-05-16 12:00:00,46.32,105.93,13.25,0.87
2020-05-17 12:00:00,61.51,131.06,14.3,0.8
2020-05-18 12:00:00,109.14,221.01,17.95,1.05
2020-05-19 12:00:00,95.33,183.92,20.32,1.01
2020-05-20 12:00:00,44.21,113.26,17.73,0.86
2020-05-21 12:00:00,38.76,146.62,16.3,0.79
2020-05-22 12:00:00,80.43,186.45,22.61,0.98
2020-05-23 12:00:00,72.1,246.61,19.82,0.88
2020-05-24 12:00:00,61.11,193.74,15.64,0.74
2020-05-25 12:00:00,41.26,119.88,15.13,0.65
2020-05-26 12:00:00,41.5,209.45,19.18,0.79
2020-05-27 12:00:00,53.56,246.41,16.81,0.7
2020-05-28 12:00:00,46.04,302.71,15.26,0.93
2020-05-29 12:00:00,27.71,80.21,15.16,0.88
2020-05-30 12:00:00,26.1,60.63,14.35,0.87
2020-05-31 12:00:00,27.47,47.35,12.8,0.95
2020-06-01 12:00:00,46.0,84.32,15.55,0.96
2020-06-02 12:00:00,29.52,72.99,17.63,0.91
2020-06-03 12:00:00,53.42,122.33,15.87,0.87
2020-06-04 12:00:00,76.1,170.17,18.53,1.01
2020-06-05 12:00:00,36.93,80.21,15.25,0.75
2020-06-06 12:00:00,34.93,75.97,13.62,0.77
2020-06-07 12:00:00,64.69,147.31,15.23,0.91
2020-06-08 12:00:00,52.04,107.65,17.79,0.9
2020-06-09 12:00:00,50.03,129.33,18.64,0.84
2020-06-10 12:00:00,55.03,149.91,22.13,0.79
2020-06-11 12:00:00,54.78,133.11,22.78,0.75
2020-06-12 12:00:00,63.03,146.47,24.85,0.95
2020-06-13 12:00:00,73.51,140.65,16.81,0.91
2020-06-14 12:00:00,66.13,122.73,17.77,0.91
2020-06-15 12:00:00,50.88,126.94,17.29,0.76
2020-06-16 12:00:00,37.17,102.18,16.73,0.79
2020-06-17 12:00:00,32.81,85.2,13.54,0.78
2020-06-18 12:00:00,35.04,102.61,15.31,0.82
2020-06-19 12:00:00,66.22,279.0,15.81,0.86
2020-06-20 12:00:00,42.71,119.5,18.77,0.79
2020-06-21 12:00:00,45.43,98.21,17.74,0.84
2020-06-22 12:00:00,33.64,59.83,18.43,0.87
2020-06-23 12:00:00,30.59,65.84,12.66,0.8
2020-06-24 12:00:00,38.01,81.63,16.25,0.91
2020-06-25 12:00:00,32.08,61.44,19.4,0.94
2020-06-26 12:00:00,51.7,140.9,19.03,0.98
2020-06-27 12:00:00,35.52,142.4,16.92,0.76
2020-06-28 12:00:00,43.16,258.13,15.05,0.73
2020-06-29 12:00:00,37.6,180.86,16.42,0.68
2020-06-30 12:00:00,40.51,87.52,15.45,0.82
